SHA|Author|Description|Version|Type|PR Link|Other Links
e787398|pharaox|Fixed "Offer Courtier" and "Offer Concubine" interactions for landless adventurers to be restricted to nearby rulers only instead of being available to all rulers in diplomatic range||Fix|https://github.com/ProZeratul/CrusaderKings3UnofficialPatch/pull/226|
d3d74b7|pharaox|Fixed "Stock Up for Travels" Caravan Master task that was only providing +1 travel speed/safety instead of the intended scaled amount due to travel plan modifier scaling not working properly||Fix|https://github.com/ProZeratul/CrusaderKings3UnofficialPatch/pull/225|https://github.com/ProZeratul/CrusaderKings3UnofficialPatch/issues/224
83f575f|ProZeratul|Added new exclusions to ck3-tiger configuration file to reduce false positive error reports||Internal||
3c10f40|pharaox|Internal fix - moved modifier file from incorrect directory (events/dlc/ep3) to proper location (common/modifiers) to prevent startup errors and ck3-tiger complaints||Internal|https://github.com/ProZeratul/CrusaderKings3UnofficialPatch/pull/228|
f8a7cfe|ProZeratul|Version bump to 8.0.33 for new release||Internal||
8e880a8|ProZeratul|Fixed hunt.2510 event ("The White Stag" legendary hunt event) not using correct scope for legendary sight detection|8.0.33|Fix||
35ede8c|pharaox|Fixed landless adventurer contract availability by scaling the employer treasury requirement with ruler tier preventing situations where only criminal contracts are offered due to poor low-tier rulers|8.0.33|Fix|https://github.com/ProZeratul/CrusaderKings3UnofficialPatch/pull/223|https://github.com/ProZeratul/CrusaderKings3UnofficialPatch/issues/222
f4ba79c|ProZeratul|Fixed laamp_base_contract_schemes_1301_roll_other_duel_effect (used by "Bring Me His Head" landless adventurer contract) that wasn't properly incrementing the wins tally counter during contract scheme duels|8.0.33|Fix|https://github.com/ProZeratul/CrusaderKings3UnofficialPatch/pull/219|
30462ae|ProZeratul|Fixed aptitude checks in some events and decisions that were using 1-based indexing instead of 0-based causing incorrect skill calculations|8.0.33|Fix|https://github.com/ProZeratul/CrusaderKings3UnofficialPatch/pull/218|
6393ddb|ProZeratul|Fixed incorrect scope usage in generic_scheme_process_ending_effect (used by several hostile schemes) that could cause runtime errors when schemes conclude|8.0.33|Fix|https://github.com/ProZeratul/CrusaderKings3UnofficialPatch/pull/217|
b859fbf|ProZeratul|Fixed self opinion gain with diplomacy_foreign_special_1010_court_visit_join_seduction_successfully_effect (used by "Hospitality: Deception and Desire" statecraft lifestyle event)|8.0.33|Fix|https://github.com/ProZeratul/CrusaderKings3UnofficialPatch/pull/216|
80e1b77|ProZeratul|Fixed tooltip when you cannot start a "Meet Peers" activity|8.0.33|Fix|https://github.com/ProZeratul/CrusaderKings3UnofficialPatch/pull/193|
8dbce1b|ProZeratul|Fixed scope mistakes and ported previous pilgrimage event fixes|8.0.33|Fix|https://github.com/ProZeratul/CrusaderKings3UnofficialPatch/pull/215|
2c25779|ProZeratul|Fixed wingman potentially not being adult in intrigue_temptation.3010 event ("A Bloom In The Wilderness" temptation lifestyle event)|8.0.33|Fix|https://github.com/ProZeratul/CrusaderKings3UnofficialPatch/pull/209|https://www.reddit.com/r/CrusaderKings/comments/1lw234e/what_sort_of_chad_did_i_just_breed/
9eb88f3|ProZeratul|Fixed laamp_help_find_secrets_contract ("Eyes in the Shadows" landless adventurer contract) checking variable of another contract in case of invalidation|8.0.33|Fix||
a5461b1|ProZeratul|Internal fix - is_valid_to_hire_court_position_type is run on the employee scope not employer and is not what we want to check|8.0.33|Internal|https://github.com/ProZeratul/CrusaderKings3UnofficialPatch/pull/205|
e18dfca|ProZeratul|Internal fix - made it impossible to have holdings in desert & desert mountains outside of the sahara region|8.0.33|Internal||
8530b53|ProZeratul|Internal fix - wrong scope used in localization|8.0.33|Internal||
3e90415|ProZeratul|Fixed bp2_yearly.4012.desc & bp2_yearly.4022.desc ("Shadows of Fame: Daylight" and "Shadows of Faith: Daylight" events) hardcoded his and added comments on mpo decisions|8.0.33|Fix|https://github.com/ProZeratul/CrusaderKings3UnofficialPatch/pull/211|
1c32bbe|ProZeratul|Fixed martial_authority_special.1501 ("The Deserter" martial authority lifestyle event) potentially firing without any valid character and missing rescope to root for location check|8.0.33|Fix|https://github.com/ProZeratul/CrusaderKings3UnofficialPatch/pull/206|
32eb62f|ProZeratul|Fixed "Ritualized Friendship" cultural tradition increasing scheme duration instead of reducing it|8.0.33|Fix|https://github.com/ProZeratul/CrusaderKings3UnofficialPatch/pull/210|https://forum.paradoxplaza.com/forum/threads/ritualized-friendship-adds-20-or-40-days-to-scheme-length.1836232/
c2b9a9d|ProZeratul|Fixed AI not creating legends|8.0.33|Fix|https://github.com/ProZeratul/CrusaderKings3UnofficialPatch/pull/212|https://forum.paradoxplaza.com/forum/threads/ai-cant-start-legends.1759835/
25d66e9|ProZeratul|Fixed prisoners that fall in love despite their sexual orientation|8.0.33|Fix|https://github.com/ProZeratul/CrusaderKings3UnofficialPatch/pull/207|
6b855d1|ProZeratul|Fixed chancellor_task.3104 ("Domestic Affairs" chancellor task random event) reducing current char partition instead of vassal|8.0.33|Fix|https://github.com/ProZeratul/CrusaderKings3UnofficialPatch/pull/204|
607e8e0|ProZeratul|Fixed court_chaplain_task.1002 ("Religious Relations" court chaplain task random event) potentially targeting itself|8.0.33|Fix|https://github.com/ProZeratul/CrusaderKings3UnofficialPatch/pull/201|https://www.reddit.com/r/ck3/comments/1ltwbqu/it_must_have_been_a_tough_conversation/
95bc9f1|ProZeratul|Fixed witch nickname checking doctrine instead of doctrine parameter; fixed bp1_yearly.2021 ("Persona Grata" yearly event) not checking witchcraft doctrines properly; fixed travel_events.2020 ("Haunted Manor: Which Witch") not checking witchcraft doctrines properly; fixed all other witchcraft doctrines checks|8.0.33|Fix|https://github.com/ProZeratul/CrusaderKings3UnofficialPatch/pull/190|
8b337c3|ProZeratul|Revert Dev/fix tournament script values|8.0.33|Internal||
b0c3d12|pharaox|Fixed ck3-tiger errors in recently added files and fixed indentation|8.0.33|Internal|https://github.com/ProZeratul/CrusaderKings3UnofficialPatch/pull/198|
01ca2cf|pharaox|Fixed not being able to "Devise Pleasure Dome" in a barony if it has an unusable special building slot; added warning that a special building slot will be used if it exists|8.0.33|Fix|https://github.com/ProZeratul/CrusaderKings3UnofficialPatch/pull/200|https://github.com/ProZeratul/CrusaderKings3UnofficialPatch/issues/199
2e8ab64|ProZeratul|Fixed prestige modifier when killing a boar/bison/hart/reindeer/elk during a hunt; added missing OR inside hunt_melee_danger_value|8.0.33|Fix|https://github.com/ProZeratul/CrusaderKings3UnofficialPatch/pull/192|
3f74231|ProZeratul|Fixed missing check for education_martial_prowess_5 ("Quicksilver Blade" education trait) in tournament script values|8.0.33|Fix|https://github.com/ProZeratul/CrusaderKings3UnofficialPatch/pull/191|
1d3f8a8|ProZeratul|Fixed ep3_laamp_decision_event.1031 ("Storyteller" visiting settlement event) & ep3_laamp_decision_event.1035 ("The Potential Match" visiting settlement event) options cooldown being way longer than intended|8.0.33|Fix|https://github.com/ProZeratul/CrusaderKings3UnofficialPatch/pull/194|https://forum.paradoxplaza.com/forum/threads/i-know-this-one-option-has-wrong-cooldown.1822033/
5e2d9aa|ProZeratul|Added the chariot race case in GetInviteToActivityFlavor|8.0.33|Fix|https://github.com/ProZeratul/CrusaderKings3UnofficialPatch/pull/189|https://forum.paradoxplaza.com/forum/threads/chariot-race-invitation-wrongly-specifies-hunt-activity.1808088/
927a962|ProZeratul|Fixed feast_default.5010 ("A Legendary Silence" feast event) potentially selecting someone who is already promoting our legend|8.0.33|Fix|https://github.com/ProZeratul/CrusaderKings3UnofficialPatch/pull/195|
4586ecb|ProZeratul|Version bump to 8.0.32|8.0.32|Internal||
b404883|pharaox|Restored fixes in birth_events.txt (various birth events)|8.0.32|Fix|https://github.com/ProZeratul/CrusaderKings3UnofficialPatch/pull/188|
e2db623|ProZeratul|Added comments on fixes|8.0.32|Internal||
bf2faff|ProZeratul|Improved comment|8.0.32|Internal||
f52a5d0|ProZeratul|Added fix comment|8.0.32|Internal||
55db8f4|ProZeratul|Fixed cultural_festival.3070 ("The Feast of Fools" tour event) selecting traveling chars|8.0.32|Fix||
3dc318e|ProZeratul|Resurrected some old fixes that are still needed|8.0.32|Fix||
ca4c522|ProZeratul|Fixed hold_court.8180 ("Noble Privileges" hold court event) that would let a vassal get march contract when it is not valid|8.0.32|Fix||
fc9b41e|ProZeratul|Small error log fix during cultural_festival.4300 & 4302 ("Gift Exchange" tour events)|8.0.32|Fix||
739ccee|pharaox|Fixed various issues with "Summon Wealthy Visitors" decisions|8.0.32|Fix|https://github.com/ProZeratul/CrusaderKings3UnofficialPatch/pull/183|https://www.reddit.com/r/CrusaderKings/comments/1l23rof/how_is_the_summon_wealthy_visitor_decision_sooooo/,https://forum.paradoxplaza.com/forum/threads/please-change-the-summon-wealthy-visitors-decision-this-is-ridiculous.1740273/,https://www.reddit.com/r/CrusaderKings/comments/1kdcli5/summon_wealthy_visitor_its_insanity/
aaf4ff4|ProZeratul|Fixed "Cabinet of Curiosities" domicile building level 2 & 3 checking dynasty estate instead of house estate|8.0.32|Fix||
e1f39d3|ProZeratul|Prerelease merge containing multiple fixes: holy order loans and story cycles, court positions and effects, travel events fixes, event scripting corrections, AI behavior improvements, landless adventurer mechanics, GUI fixes, localization corrections, domicile types and buildings|8.0.32|Fix|https://github.com/ProZeratul/CrusaderKings3UnofficialPatch/pull/186|
114d4b2|pharaox|Fixed "Employ Executioner" option of "Negotiate Release" interaction being shown for nomadic rulers even though they can't employ an executioner court position|8.0.32|Fix|https://github.com/ProZeratul/CrusaderKings3UnofficialPatch/pull/182|
323006b|ProZeratul|Reapplied "Rites of passage is now useable by nomadic gov"|8.0.32|Internal||
75e1c77|ProZeratul|Allow building in holding that are not corridors in the sahara|8.0.32|Fix||
cc076de|ProZeratul|Fixed the violence option being shown even when the violence outcome is not possible|8.0.32|Fix||
10c6898|ProZeratul|Misc|8.0.32|Internal||
2649b3b|ProZeratul|Misc fix for laamp_base_contract_schemes.2322 ("Render Unto" landless adventurer contract conclusion event) if you choose to resolve the contract by violence|8.0.32|Fix||
fb73d0d|ProZeratul|Version bump to 8.0.30|8.0.30|Internal||
720c8b7|ProZeratul|Multiple fixes including hostage events, nomadic feast script errors, event scope issues, confederation fixes, mercenary company contract logic|8.0.30|Fix|https://github.com/ProZeratul/CrusaderKings3UnofficialPatch/pull/176|
13b5afa|pharaox|Adapted to CK3 1.16.2.3|8.0.30|Internal|https://github.com/ProZeratul/CrusaderKings3UnofficialPatch/pull/177|
23315ed|ProZeratul|Fixed "Summon Fair Courtiers" to summon 3 courtiers instead of 1|8.0.30|Fix|https://github.com/ProZeratul/CrusaderKings3UnofficialPatch/pull/175|https://forum.paradoxplaza.com/forum/threads/summon-fair-courtiers-only-summon-1-even-though-the-tooltip-say-3.1760683/
6d666ca|ProZeratul|Fixed copy/paste issue preventing Food Taster from using the task "Keep an Ear to the Ground" if you have no courtly vassal|8.0.30|Fix|https://github.com/ProZeratul/CrusaderKings3UnofficialPatch/pull/174|https://forum.paradoxplaza.com/forum/threads/food-taster-task-incorrectly-unavailable-based-on-cupbearer-task-requirement.1761672/
44a29df|ProZeratul|Fixed "Mess Tent" building missing as a potential upgrade after a "Camp Revelry"|8.0.30|Fix|https://github.com/ProZeratul/CrusaderKings3UnofficialPatch/pull/173|https://forum.paradoxplaza.com/forum/threads/mess-tent-does-not-upgrade-as-a-result-of-camp-revelry.1761344/
119cb78|ProZeratul|Multiple fixes including travel danger events relation checks, undefined scope fixes in hostage interactions, bodyguard court position custom name preservation, nomadic events scope corrections, intrigue scheme special event fixes, domicile construction checks, faction scoring calculations, mercenary company contract logic, murder outcome location saving before character death|8.0.30|Fix|https://github.com/ProZeratul/CrusaderKings3UnofficialPatch/pull/167|
eed8b9d|pharaox|Fixed legitimacy loss and gain from marriage for nomadic rulers: corrected marriage legitimacy effects applying to wrong character scope, ensured proper legitimacy calculations for nomadic marriages|8.0.30|Fix|https://github.com/ProZeratul/CrusaderKings3UnofficialPatch/pull/171|
052206e|pharaox|Prevented adultery.0001 event (hidden event starting the "Someone Else" adultery suspicion event chain) from firing if the character is in an army since they cannot realistically confront their spouse with adultery suspicions while on campaign|8.0.30|Fix|https://github.com/ProZeratul/CrusaderKings3UnofficialPatch/pull/172|
fbe5eb3|ProZeratul|Fixed text of activity_system.0310.desc.intro (leaving an activity due to a war event)|8.0.30|Fix||
098ed05|pharaox|Fixed mpo_hunt.0020 event ("A Mother's Love" nomadic hunt event): corrected multiple issues with event logic and character selection|8.0.30|Fix|https://github.com/ProZeratul/CrusaderKings3UnofficialPatch/pull/163|
cf01ae1|ProZeratul|Reverted "Rites of passage is now useable by nomadic gov"|8.0.30|Internal||
ce5e3dd|ProZeratul|Made "Rites of Passage" decision useable by nomadic government using Stargazer as Court Chaplain equivalent|8.0.30|Fix|https://github.com/ProZeratul/CrusaderKings3UnofficialPatch/pull/170
0212296|ProZeratul|Updated unop_fixed_keys_l_english.yml - cleaned up now existing keys in game|8.0.30|Internal|https://github.com/ProZeratul/CrusaderKings3UnofficialPatch/pull/169|
b560ff3|ProZeratul|Fixed errors from the mod (mistakes were made)|8.0.30|Internal||
af5be77|pharaox|Fixed Falconry animal type selection when there is a sighting: corrected missing else logic in hunt.0530 event so sighting animals are properly suggested instead of always selecting random game|8.0.30|Fix|https://github.com/ProZeratul/CrusaderKings3UnofficialPatch/pull/165|
eef8f7e|pharaox|Fixed has_winter_trigger: corrected location_has_winter_trigger scope issues by adding proper county existence checks and enclosing logic in AND statement to prevent error log flooding|8.0.30|Fix|https://github.com/ProZeratul/CrusaderKings3UnofficialPatch/pull/166|
f0e4a35|ProZeratul|Fixed water and wind mills building requirements; fixed Caravanserai building restrictions; fixed prison break scheme using useless agent type; fixed laamp found city slot allocation issues; fixed agent join chance tooltips and Stooge modifier applications; improved building requirement displays|8.0.30|Fix|https://github.com/ProZeratul/CrusaderKings3UnofficialPatch/pull/125|
